noisy,clean
"iphnoe 15 512 gb under 500 dolars","iphone 15 512 gb under 500 dollars"
"legin laptop","lenovo legion laptop"
"samsng galaxy","samsung galaxy"
"nvidai geforce","nvidia geforce"
"iphne 14 pro max","iphone 14 pro max"
"lenvo thinkpad","lenovo thinkpad"
"samsug note","samsung note"
"nvidda rtx","nvidia rtx"
"amd ryzen 5","amd ryzen 5"
"intle core i7","intel core i7"
"asus rog","asus rog"
"dell xps","dell xps"
"hp pavillion","hp pavilion"
"acer aspire","acer aspire"
"toshiba satellite","toshiba satellite"
noisy,clean
iphnoe,iphone
legin,lenovo
samsng,samsung
nvidai,nvidia
iphne,iphone
lenvo,lenovo
samsug,samsung
nvidda,nvidia
amd,amd
intle,intel
asus,asus
dell,dell
hp,hp
acer,acer
toshiba,toshiba
teh,the
recieve,receive
seperate,separate
occured,occurred
writting,writing
speeking,speaking
listning,listening
freind,friend
famly,family
workng,working
schooled,school
homed,home
cared,cared
bookd,booked
fooding,food
waterd,watered
timely,time
dayly,daily
nighly,nightly
mornng,morning
evenng,evening
yeared,year
montly,monthly
weeked,week
todayd,today
yesterda,yesterday
tomorow,tomorrow
lifes,life
storys,story
tells,tell
writen,written
readng,reading
speakng,speaking
listend,listened
"recieve my letter","receive my letter"
"seperate the words","separate the words"
"occured yesterday","occurred yesterday"
"writting a story","writing a story"
"speeking english","speaking english"
"listning to music","listening to music"
"freind of mine","friend of mine"
"famly gathering","family gathering"
"workng hard","working hard"
"schooled in turkey","school in turkey"
"homed in istanbul","home in istanbul"
"cared for the car","cared for the car"
"bookd the flight","booked the flight"
"fooding well","food well"
"waterd the plants","watered the plants"
"timely arrival","time arrival"
"dayly routine","daily routine"
"nighly news","nightly news"
"mornng coffee","morning coffee"
"evenng walk","evening walk"
"yeared experience","year experience"
"montly meeting","monthly meeting"
"weeked trip","week trip"
"todayd plan","today plan"
"yesterda happened","yesterday happened"
"tomorow will come","tomorrow will come"
"lifes journey","life journey"
"storys end","story end"
"tells the truth","tell the truth"
"writen by hand","written by hand"
"readng book","reading book"
"speakng clearly","speaking clearly"
"listend carefully","listened carefully"
"It 's difficult answer at the question "" what are you going to do in the future ? "" if the only one who has to know it is in two minds .","It 's difficult to answer the question "" what are you going to do in the future ? "" if the only one who has to know it is in two minds ."
"When I was younger I used to say that I wanted to be a teacher , a saleswoman and even a butcher .. I do n't know why .","When I was younger, I used to say that I wanted to be a teacher, a saleswoman and even a butcher. I don't know why."
"I would like to study Psychology because one day I would open my own psychology office and help people .","I would like to study Psychology, because one day I would like to open my own psychology clinic and help people."
"It 's difficult because I 'll have to study hard and a lot , but I think that if you like a subject , you 'll study it easier .","It 's difficult because I 'll have to study hard and a lot, but I think that if you like a subject, you 'll study it more easily."
"Maybe I 'll change my mind , maybe not .","Maybe I 'll change my mind, maybe not."
"I am looking for a laptop that can do every work adn it should not much expensive","I am looking for a laptop that can do every work and it should not be too expensive"
"I need a phone with good camera and long batery life","I need a phone with good camera and long battery life"
"Show me cheap headphones under 50 dolars","Show me cheap headphones under 50 dollars"
"Where can I buy a gaming mouse with RGB ligh","Where can I buy a gaming mouse with RGB light"
"I want to purchase a tablet for drawing and it must have high resolition","I want to purchase a tablet for drawing and it must have high resolution"
"Find me a smartwatch that tracks heart rate and is water resistent","Find me a smartwatch that tracks heart rate and is water resistant"
"Looking for affordable monitors with 4k display","Looking for affordable monitors with 4k display"
"I am searching for wireless earbuds that sound great and fit comforably","I am searching for wireless earbuds that sound great and fit comfortably"
"Recommend a laptop with intel processor and at least 16gb ram","Recommend a laptop with intel processor and at least 16gb ram"
computar,computer
reciever,receiver
seperated,separated
writting,writing
speeking,speaking
listning,listening
freind,friend
famly,family
workng,working
schooled,school
homed,home
cared,cared
bookd,booked
fooding,food
waterd,watered
timely,time
dayly,daily
nighly,nightly
mornng,morning
evenng,evening
yeared,year
montly,monthly
weeked,week
todayd,today
yesterda,yesterday
tomorow,tomorrow
lifes,life
storys,story
tells,tell
writen,written
readng,reading
speakng,speaking
listend,listened
headphon,headphone
monitr,monitor
keybord,keyboard
mous,mouse
chargar,charger
batery,battery
screen,display
wireles,wireless
bluethooth,bluetooth
charg,charge
adaptor,adapter
cabl,cable
portbl,portable
storag,storage
memry,memory
procesor,processor
graphcs,graphics
softwar,software
hardwar,hardware
netwrk,network
connectn,connection
downlod,download
upload,upload
browsr,browser
websit,website
search,search
result,result
produc,product
customr,customer
ordr,order
shipp,shipping
delivry,delivery
paymnt,payment
checkot,checkout
cart,cart
wishlst,wishlist
review,review
ratng,rating
availabl,available
stock,stock
discunt,discount
coupon,coupon
pric,price
cost,cost
valu,value
qualty,quality
brand,brand
model,model
featur,feature
spec,specifications
compatbl,compatible
warrnty,warranty
supprt,support
servic,service
help,help
contact,contact
informtion,information
detail,detail
descriptn,description
imag,image
pictur,picture
video,video
tutori,tutorial
guid,guide
manul,manual
instal,install
setup,setup
configur,configuration
updat,update
versn,version
releas,release
bug,bug
fix,fix
error,error
issu,issue
solv,solve
troublshoot,troubleshoot
faq,frequently asked questions
knowldg,knowledge
bas,based
advanc,advanced
beginr,beginner
exper,expert
usag,usage
tip,tip
trick,trick
hack,hack
tool,tool
utilty,utility
applicatn,application
program,program
softwar,software
gam,gaming
entertainmnt,entertainment
mus,music
mov,movie
seri,series
show,show
sport,sport
news,news
weathr,weather
travel,travel
food,food
health,health
fitnes,fitness
beaut,beauty
fashion,fashion
shopp,shopping
deal,deal
sal,sale
offr,offer
promotn,promotion
event,event
celebrat,celebration
holidy,holiday
season,season
weeknd,weekend
vacatn,vacation
trip,trip
destinatn,destination
hotel,hotel
flight,flight
bookng,booking
reservatn,reservation
confirmatn,confirmation
cancellatn,cancellation
refund,refund
exchang,exchange
complaint,complaint
feedback,feedback
suggestn,suggestion
recommendatn,recommendation
favorit,favorite
lik,like
dislik,dislike
shar,share
follow,follow
subscrib,subscribe
notifcatn,notification
alert,alert
messag,message
chat,chat
conversatn,conversation
communicatn,communication
social,social
media,media
platform,platform
account,account
profil,profile
setng,setting
privac,privacy
securty,security
passwrd,password
login,login
logout,logout
sign,sign
regist,register
verif,verify
authentcat,authentication
access,access
permissn,permission
authoriz,authorize
block,block
report,report
spam,spam
virus,virus
malwar,malware
firewal,firewall
antivir,antivirus
backup,backup
restor,restore
sync,synchronize
cloud,cloud
stor,store
file,file
foldr,folder
documnt,document
spreadshee,spreadsheet
presentatn,presentation
databas,database
server,server
host,host
domain,domain
websit,website
url,url
link,link
click,click
visit,visit
brows,browse
navigat,navigate
scroll,scroll
zoom,zoom
fullscreen,fullscreen
screenshot,screenshot
print,print
save,save
export,export
import,import
copi,copy
past,paste
cut,cut
delet,delete
edit,edit
modif,modify
chang,change
updat,update
refresh,refresh
reload,reload
restart,restart
shutdn,shutdown
power,power
batter,battery
charg,charge
plug,plug
wire,wire
cabl,cable
connect,connect
disconnect,disconnect
pair,pair
unpair,unpair
sync,sync
transfr,transfer
send,send
receiv,receive
download,download
upload,upload
stream,stream
play,play
paus,pause
stop,stop
rewind,rewind
fastforward,fast forward
volum,volume
mut,mute
sound,sound
audio,audio
video,video
pictur,picture
imag,image
photo,photo
camera,camera
record,record
captur,capture
edit,edit
filter,filter
effect,effect
shar,sharpen
blur,blur
brightn,brightness
contrast,contrast
color,color
hue,hue
saturatn,saturation
whitebalanc,white balance
exposur,exposure
focus,focus
zoom,zoom
flash,flash
timer,timer
selfi,selfie
portrait,portrait
landscap,landscape
panoram,panorama
hdr,hdr
nightmod,night mode
slowmotn,slow motion
timelaps,time lapse
stabiliz,stabilization
gyroscop,gyroscope
acceleromet,accelerometer
compas,compass
gps,gps
locatn,location
map,map
navigtn,navigation
rout,route
directn,direction
traffic,traffic
parkng,parking
gasstatn,gas station
restaurt,restaurant
hotl,hotel
museu,museum
park,park
beach,beach
mountn,mountain
forest,forest
lake,lake
river,river
ocean,ocean
sky,sky
cloud,cloud
rain,rain
snow,snow
wind,wind
storm,storm
sun,sun
moon,moon
star,star
planet,planet
univers,universe
galaxi,galaxy
spac,space
astronaut,astronaut
rocket,rocket
satellit,satellite
telesco,telescope
microsco,microscope
laboratori,laboratory
scientis,scientist
inventr,inventor
discover,discovery
experimnt,experiment
theori,theory
hypothes,hypothesis
evidenc,evidence
dat,data
analys,analysis
research,research
stud,study
learn,learn
teach,teach
school,school
universit,university
colleg,college
student,student
teacher,teacher
professr,professor
class,class
lesson,lesson
exam,exam
test,test
grad,grade
diplom,diploma
certificat,certificate
degre,degree
majr,major
minr,minor
cours,course
subject,subject
math,math
scienc,science
histor,history
geograph,geography
languag,language
literatur,literature
art,art
music,music
sport,sport
physic,physics
chemist,chemistry
biolog,biology
econom,economics
psycholog,psychology
sociolog,sociology
philosoph,philosophy
religio,religion
polit,politics
law,law
medicin,medicine
engineer,engineering
architectur,architecture
design,design
fashion,fashion
cuisin,cuisine
cook,cook
bak,bake
recip,recipe
ingredint,ingredient
nutritn,nutrition
diet,diet
exercis,exercise
yoga,yoga
meditatn,meditation
relaxatn,relaxation
stress,stress
anxi,anxiety
depressn,depression
therap,therapy
counsel,counseling
doctor,doctor
nurs,nurse
hospit,hospital
clinic,clinic
pharmac,pharmacy
medicn,medicine
prescrib,prescribe
diagnos,diagnose
treatmnt,treatment
surger,surgery
vaccin,vaccine
immun,immunity
virus,virus
bacteri,bacteria
infectn,infection
diseas,disease
illnes,illness
symptom,symptom
fever,fever
cough,cough
headach,headache
pain,pain
injur,injury
fractur,fracture
burn,burn
cut,cut
bleed,bleeding
bandag,bandage
firstaid,first aid
emergenc,emergency
ambulanc,ambulance
firefight,firefighter
polic,policeman
crim,crime
thef,theft
accident,accident
disast,disaster
earthquak,earthquake
flood,flood
hurrican,hurricane
tornad,tornado
volcan,volcano
wildfir,wildfire
tsunami,tsunami
droug,drought
famin,famine
povert,poverty
homeles,homeless
refuge,refugee
migrat,migration
immigrat,immigrant
citizen,citizen
governmt,government
presidnt,president
primeministr,prime minister
parliamt,parliament
electn,election
vot,vote
democrac,democracy
dictatorsh,dictatorship
freedom,freedom
right,right
duty,duty
responsibilit,responsibility
justic,justice
equality,equality
peace,peace
war,war
conflic,conflict
negotiat,negotiation
treat, treaty
allianc,alliance
enem,enemies
victor,victory
defeat,defeat
battl,battle
soldir,soldier
weapon,weapon
bomb,bomb
gun,gun
knife,knife
sword,sword
shield,shield
armor,armor
castl,castle
fortres,fortress
palac,palace
church,church
templ,temple
mosqu,mosque
synagogu,synagogue
cemeter,cemetery
grave,grave
funerl,funeral
wedding,wedding
birthda,birthday
christma,christmas
easter,easter
hallowe,halloween
thanksgivn,thanksgiving
newyear,new year
valentin,valentine
motherday,mother day
fatherday,father day
independenceda,independence day
labor day,labor day
memorial day,memorial day
veterans day,veterans day
martin luther king day,martin luther king day
presidents day,presidents day
columbus day,columbus day
thanksgiving,thanksgiving
black friday,black friday
cyber monday,cyber monday
boxing day,boxing day
april fools day,april fools day
earth day,earth day
world health day,world health day
international womens day,international womens day
world environment day,world environment day
world water day,world water day
world food day,world food day
world teachers day,world teachers day
world peace day,world peace day
human rights day,human rights day
christmas,christmas
new year,new year
easter,easter
halloween,halloween
thanksgiving,thanksgiving
valentine,valentine
mother day,mother day
father day,father day
independence day,independence day
labor day,labor day
memorial day,memorial day
veterans day,veterans day
martin luther king day,martin luther king day
presidents day,presidents day
columbus day,columbus day
thanksgiving,thanksgiving
black friday,black friday
cyber monday,cyber monday
boxing day,boxing day
april fools day,april fools day
earth day,earth day
world health day,world health day
international womens day,international womens day
world environment day,world environment day
world water day,world water day
world food day,world food day
world teachers day,world teachers day
world peace day,world peace day
human rights day,human rights day
"Show products like samsung galaxy phones on sale","Show products like samsung galaxy phones on sale"